[
  {
    "id": 1,
    "title": "Apples",
    "description": "Apples are <span class=\"label label-info\">25 CHF each</span>",
    "price": 25
  },
  {
    "id": 2,
    "title": "Oranges",
    "description": "Oranges are <span class=\"label label-info\">30 CHF each</span>",
    "price": 30
  },
  {
    "id": 3,
    "title": "Garlic",
    "description": "Garlic are <span class=\"label label-info\">15 CHF each</span>",
    "price": 15
  },
  {
    "id": 4,
    "title": "Papayas",
    "description": "Papayas are <span class=\"label label-info\">50 CHF each</span>, but are <span class=\"label label-warning\">available as 3 for the price of 2</span>",
    "price": 100
  }
]
